,,,,,,service_mode,band_profile,line_type,rate_mode_up,rate_mode_dn,,,rate_dn_max,rate_up_max,rate_dn_min,rate_up_min,snr_dn_min,snr_up_min,snr_dn_target,snr_up_target,snr_dn_max,snr_up_max,,,,,,,,,latency_dn,latency_up,inp_dn,inp_up,pbo_dn,pbo_up,,,,,,,,,,,,,,,,,,,,,,,,,,,
4/15/2016,Wong,,,,,,,,,,,,,,,,,,,,,,,,,,,,,,,,,,,,,,,,UPBO ,,,,,,,,,G.INP ,,,,,,,,,,,,,
,,,,FOR ACTIVATION TEAMS ,,,,,,,,,,,,,,,,,,,,,,,,,,,,,,,,,,,,,,,,,,,,,,,,,,,,,,,,,,,
,,26AWG Distance,"Automation 
Name",ACTIVATION RATE,,"Service 
Mode","Band 
Profile","Line
 Type",Rate Mode,,Total Train Rate,,Target Train Rate,,Min Train Rate,,Min SNR,,Target SNR,,Max SNR,,Downshift SNR,,Upshift SNR,,Min Downshift Time,,Min Upshift Time,,Int Delay,,Min INP,,PBO,,G.INP,,Init Policy,,Band U1,,Band U2,,Band U3,,Band U4,,,Max NDR,,Min Delay,,Max Delay,,Min SHINE,,Min REIN,,REIN Arrival Time,,LEFTR,
NOTES,Profile,,,Down,UP,,,,Down,Up,Down,Up,Down,Up,Down,Up,Down,Up,Down,Up,Down,Up,Down,Up,Down,Up,Down,Up,Down,Up,Down,Up,Down,Up,Down,Up,Down,Up,Down,Up,Paramater A,Parameter B,Paramater A,Parameter B,Paramater A,Parameter B,Paramater A,Parameter B,KL0,Down,Up,Down,Up,Down,Up,Down,Up,Down,Up,Down,Up,Down,Up
Rate Reach Profiles,VDSL HSI 8a,ALL,6SNR_8D_1INP_8a,,,VDSL2,8a,Interleaved,Startup,Startup,,,150000,96000,32,32,0,0,6,6,31,31,NA,NA,NA,NA,NA,NA,NA,NA,8,8,1,1,Disabled,Disabled,Disabled,Disabled,Max INP,Max INP,40.00,0.00,40.00,0.00,40.00,0.00,40.00,0.00,No Force,150000,50000,0,0,10,10,2,1,2,1,120 Hz,120 Hz,0,0
VDSL2 DSLAMS,VDSL HSI 12a,ALL,6SNR_8D_1INP_12a,,,VDSL2,12a,Interleaved,Startup,Startup,,,150000,96000,32,32,0,0,6,6,31,31,NA,NA,NA,NA,NA,NA,NA,NA,8,8,1,1,Disabled,Disabled,Disabled,Disabled,Max INP,Max INP,40.00,0.00,40.00,0.00,40.00,0.00,40.00,0.00,No Force,150000,50000,0,0,10,10,2,1,2,1,120 Hz,120 Hz,0,0
,VDSL HSI 17a,ALL,6SNR_8D_1INP_17a,,,VDSL2,17a,Interleaved,Startup,Startup,,,150000,96000,32,32,0,0,6,6,31,31,NA,NA,NA,NA,NA,NA,NA,NA,8,8,1,1,Disabled,Disabled,Disabled,Disabled,Max INP,Max INP,40.00,0.00,40.00,0.00,40.00,0.00,40.00,0.00,No Force,150000,50000,0,0,10,10,2,1,2,1,120 Hz,120 Hz,0,0
,VDSL IPTV 8a,ALL,9SNR_8x5D_2INP_8a,,,VDSL2,8a,Interleaved,Startup,Startup,,,150000,96000,32,32,0,0,9,9,31,31,NA,NA,NA,NA,NA,NA,NA,NA,8,5,2,1,Disabled,Disabled,Disabled,Disabled,Max INP,Max INP,40.00,0.00,40.00,0.00,40.00,0.00,40.00,0.00,No Force,150000,50000,0,0,10,10,2,1,2,1,120 Hz,120 Hz,0,0
,VDSL IPTV 12a,ALL,9SNR_8x5D_2INP_12a,,,VDSL2,12a,Interleaved,Startup,Startup,,,150000,96000,32,32,0,0,9,9,31,31,NA,NA,NA,NA,NA,NA,NA,NA,8,5,2,1,Disabled,Disabled,Disabled,Disabled,Max INP,Max INP,40.00,0.00,40.00,0.00,40.00,0.00,40.00,0.00,No Force,150000,50000,0,0,10,10,2,1,2,1,120 Hz,120 Hz,0,0
,VDSL IPTV 17a,ALL,9SNR_8x5D_2INP_17a,,,VDSL2,17a,Interleaved,Startup,Startup,,,150000,96000,32,32,0,0,9,9,31,31,NA,NA,NA,NA,NA,NA,NA,NA,8,5,2,1,Disabled,Disabled,Disabled,Disabled,Max INP,Max INP,40.00,0.00,40.00,0.00,40.00,0.00,40.00,0.00,No Force,150000,50000,0,0,10,10,2,1,2,1,120 Hz,120 Hz,0,0
,ADSL2+ ForceBack PTM,ALL,6SNR_8D_1INP_2+,,,ADSL2+,-,Interleaved,Startup,Startup,,,150000,96000,32,32,0,0,6,6,31,31,NA,NA,NA,NA,NA,NA,NA,NA,8,8,1,1,Disabled,Disabled,Disabled,Disabled,Max INP,Max INP,40.00,0.00,40.00,0.00,40.00,0.00,40.00,0.00,No Force,150000,50000,0,0,10,10,2,1,2,1,120 Hz,120 Hz,0,0
,ADSL2+ ForceBack ATM,ALL,6SNR_8D_1INP_2+ATM,,,ADSL2+,-,Interleaved,Startup,Startup,,,150000,96000,32,32,0,0,6,6,31,31,NA,NA,NA,NA,NA,NA,NA,NA,8,8,1,1,Disabled,Disabled,Disabled,Disabled,Max INP,Max INP,40.00,0.00,40.00,0.00,40.00,0.00,40.00,0.00,No Force,150000,50000,0,0,10,10,2,1,2,1,120 Hz,120 Hz,0,0
,,,,,,,,,,,,,,,,,,,,,,,,,,,,,,,,,,,,,,,,,,,,,,,,,,,,,,,,,,,,,,,
UPBO,VDSL HSI 8a,ALL,6SNR_8D_1INP_8a_UPBO,,,VDSL2,8a,Interleaved,Startup,Startup,,,150000,96000,32,32,0,0,6,6,31,31,NA,NA,NA,NA,NA,NA,NA,NA,8,8,1,1,Disabled,Enabled,Disabled,Disabled,Max INP,Max INP,53.00,16.20,54.00,10.20,40.00,0.00,40.00,0.00,No Force,150000,50000,0,0,10,10,2,1,2,1,120 Hz,120 Hz,0,0
,VDSL HSI 12a,ALL,6SNR_8D_1INP_12a_UPBO,,,VDSL2,12a,Interleaved,Startup,Startup,,,150000,96000,32,32,0,0,6,6,31,31,NA,NA,NA,NA,NA,NA,NA,NA,8,8,1,1,Disabled,Enabled,Disabled,Disabled,Max INP,Max INP,53.00,16.20,54.00,10.20,40.00,0.00,40.00,0.00,No Force,150000,50000,0,0,10,10,2,1,2,1,120 Hz,120 Hz,0,0
,VDSL HSI 17a,ALL,6SNR_8D_1INP_17a_UPBO,,,VDSL2,17a,Interleaved,Startup,Startup,,,150000,96000,32,32,0,0,6,6,31,31,NA,NA,NA,NA,NA,NA,NA,NA,8,8,1,1,Disabled,Enabled,Disabled,Disabled,Max INP,Max INP,53.00,16.20,54.00,10.20,40.00,0.00,40.00,0.00,No Force,150000,50000,0,0,10,10,2,1,2,1,120 Hz,120 Hz,0,0
,VDSL IPTV 8a,ALL,9SNR_8x5D_2x1INP_8a_UPBO,,,VDSL2,8a,Interleaved,Startup,Startup,,,150000,96000,32,32,0,0,9,9,31,31,NA,NA,NA,NA,NA,NA,NA,NA,8,5,2,1,Disabled,Enabled,Disabled,Disabled,Max INP,Max INP,53.00,16.20,54.00,10.20,40.00,0.00,40.00,0.00,No Force,150000,50000,0,0,10,10,2,1,2,1,120 Hz,120 Hz,0,0
,VDSL IPTV 12a,ALL,9SNR_8x5D_2x1INP_12a_UPBO,,,VDSL2,12a,Interleaved,Startup,Startup,,,150000,96000,32,32,0,0,9,9,31,31,NA,NA,NA,NA,NA,NA,NA,NA,8,5,2,1,Disabled,Enabled,Disabled,Disabled,Max INP,Max INP,53.00,16.20,54.00,10.20,40.00,0.00,40.00,0.00,No Force,150000,50000,0,0,10,10,2,1,2,1,120 Hz,120 Hz,0,0
,VDSL IPTV 17a,ALL,9SNR_8x5D_2x1INP_17a_UPBO,,,VDSL2,17a,Interleaved,Startup,Startup,,,150000,96000,32,32,0,0,9,9,31,31,NA,NA,NA,NA,NA,NA,NA,NA,8,5,2,1,Disabled,Enabled,Disabled,Disabled,Max INP,Max INP,53.00,16.20,54.00,10.20,40.00,0.00,40.00,0.00,No Force,150000,50000,0,0,10,10,2,1,2,1,120 Hz,120 Hz,0,0
,,,,,,,,,,,,,,,,,,,,,,,,,,,,,,,,,,,,,,,,,,,,,,,,,,,,,,,,,,,,,,,
ADSL2+,ADSL2+ HSI,ALL,32000x2048,,,ADSL2+,-,Interleaved,Startup,Startup,,,32000,2048,32,32,0,0,6,6,31,31,NA,NA,NA,NA,NA,NA,NA,NA,8,8,0.5,0.5,Disabled,Disabled,Disabled,Disabled,Max INP,Max INP,40.00,0.00,40.00,0.00,40.00,0.00,40.00,0.00,No Force,32000,50000,0,0,10,10,2,1,2,1,120 Hz,120 Hz,0,0
ADSL2+ DSLAMS,ADSL2+ IPTV,ALL,32000x2048_IPTV,,,ADSL2+,-,Interleaved,Startup,Startup,,,32000,2048,32,32,0,0,9,9,31,31,NA,NA,NA,NA,NA,NA,NA,NA,8,5,2,1,Disabled,Disabled,Disabled,Disabled,Max INP,Max INP,40.00,0.00,40.00,0.00,40.00,0.00,40.00,0.00,No Force,32000,50000,0,0,10,10,2,1,2,1,120 Hz,120 Hz,0,0
,,,,,,,,,,,,,,,,,,,,,,,,,,,,,,,,,,,,,,,,,,,,,,,,,,,,,,,,,,,,,,,
ADSL,ADSL Auto,ALL,8032x1024,,,ADSLMM,-,Interleaved,Startup,Startup,,,8032,1024,32,32,0,0,6,6,31,31,NA,NA,NA,NA,NA,NA,NA,NA,8,8,-,-,Disabled,Disabled,Disabled,Disabled,Max INP,Max INP,40.00,0.00,40.00,0.00,40.00,0.00,40.00,0.00,No Force,8032,50000,0,0,10,10,2,1,2,1,120 Hz,120 Hz,0,0
,ADSL T1.413,ALL,8032x1024_ansi,,,T1.413,-,Interleaved,Startup,Startup,,,8032,1024,32,32,0,0,6,6,31,31,NA,NA,NA,NA,NA,NA,NA,NA,8,8,-,-,Disabled,Disabled,Disabled,Disabled,Max INP,Max INP,40.00,0.00,40.00,0.00,40.00,0.00,40.00,0.00,No Force,8032,50000,0,0,10,10,2,1,2,1,120 Hz,120 Hz,0,0
,ADSL G.DMT,ALL,8032x1024_dmt,,,G.DMT,-,Interleaved,Startup,Startup,,,8032,1024,32,32,0,0,6,6,31,31,NA,NA,NA,NA,NA,NA,NA,NA,8,8,-,-,Disabled,Disabled,Disabled,Disabled,Max INP,Max INP,40.00,0.00,40.00,0.00,40.00,0.00,40.00,0.00,No Force,8032,50000,0,0,10,10,2,1,2,1,120 Hz,120 Hz,0,0
,,,,,,,,,,,,,,,,,,,,,,,,,,,,,,,,,,,,,,,,,,,,,,,,,,,,,,,,,,,,,,,
SERVICE PROFILES,,,,,,,,,,,,,,,,,,,,,,,,,,,,,,,,,,,,,,,,,,,,,,,,,,,,,,,,,,,,,,,
NewCo Single,1.5M/768k,14650,AF1.5Mx768K,,,ADSL2+,-,Interleaved,Startup,Startup,,,1792,864,32,32,1,1,6,6,31,31,NA,NA,NA,NA,NA,NA,NA,NA,8,8,1,1,Disabled,Disabled,Disabled,Disabled,Max INP,Max INP,40.00,0.00,40.00,0.00,40.00,0.00,40.00,0.00,No Force,1792,50000,0,0,10,10,2,1,2,1,120 Hz,120 Hz,0,0
VDSL DSLAMS,3M/768k,10300,AF3Mx768K,,,ADSL2+,-,Interleaved,Startup,Startup,,,3376,864,32,32,1,1,6,6,31,31,NA,NA,NA,NA,NA,NA,NA,NA,8,8,1,1,Disabled,Disabled,Disabled,Disabled,Max INP,Max INP,40.00,0.00,40.00,0.00,40.00,0.00,40.00,0.00,No Force,3376,50000,0,0,10,10,2,1,2,1,120 Hz,120 Hz,0,0
High Speed,1.5M/768k,14650,V1.5Mx768K,,,VDSL2,8a,Interleaved,Startup,Startup,,,1792,864,32,32,1,1,6,6,31,31,NA,NA,NA,NA,NA,NA,NA,NA,8,8,1,1,Disabled,Disabled,Disabled,Disabled,Max INP,Max INP,40.00,0.00,40.00,0.00,40.00,0.00,40.00,0.00,No Force,1792,50000,0,0,10,10,2,1,2,1,120 Hz,120 Hz,0,0
,3M/768k,10300,V3Mx768K,,,VDSL2,8a,Interleaved,Startup,Startup,,,3376,864,32,32,1,1,6,6,31,31,NA,NA,NA,NA,NA,NA,NA,NA,8,8,1,1,Disabled,Disabled,Disabled,Disabled,Max INP,Max INP,40.00,0.00,40.00,0.00,40.00,0.00,40.00,0.00,No Force,3376,50000,0,0,10,10,2,1,2,1,120 Hz,120 Hz,0,0
,6M/768k,6450,V6Mx768K,,,VDSL2,8a,Interleaved,Startup,Startup,,,6752,864,32,32,1,1,6,6,31,31,NA,NA,NA,NA,NA,NA,NA,NA,8,8,1,1,Disabled,Disabled,Disabled,Disabled,Max INP,Max INP,40.00,0.00,40.00,0.00,40.00,0.00,40.00,0.00,No Force,6752,50000,0,0,10,10,2,1,2,1,120 Hz,120 Hz,0,0
,10M/768k,5650,V10Mx768K,,,VDSL2,8a,Interleaved,Startup,Startup,,,10912,864,32,32,1,1,6,6,31,31,NA,NA,NA,NA,NA,NA,NA,NA,8,8,1,1,Disabled,Disabled,Disabled,Disabled,Max INP,Max INP,40.00,0.00,40.00,0.00,40.00,0.00,40.00,0.00,No Force,10912,50000,0,0,10,10,2,1,2,1,120 Hz,120 Hz,0,0
,15M/768k,3850,V15Mx768K,,,VDSL2,8a,Interleaved,Startup,Startup,,,16384,864,32,32,1,1,6,6,31,31,NA,NA,NA,NA,NA,NA,NA,NA,8,8,1,1,Disabled,Disabled,Disabled,Disabled,Max INP,Max INP,40.00,0.00,40.00,0.00,40.00,0.00,40.00,0.00,No Force,16384,50000,0,0,10,10,2,1,2,1,120 Hz,120 Hz,0,0
,20M/896k,3350,V20Mx896K,,,VDSL2,8a,Interleaved,Startup,Startup,,,21824,992,32,32,1,1,6,6,31,31,NA,NA,NA,NA,NA,NA,NA,NA,8,8,1,1,Disabled,Disabled,Disabled,Disabled,Max INP,Max INP,40.00,0.00,40.00,0.00,40.00,0.00,40.00,0.00,No Force,21824,50000,0,0,10,10,2,1,2,1,120 Hz,120 Hz,0,0
,4M/1M,7200,V4Mx1M,4352,1120,VDSL2,8a,Interleaved,Startup,Startup,,,4352,1120,32,32,1,1,6,6,31,31,NA,NA,NA,NA,NA,NA,NA,NA,8,8,1,1,Disabled,Disabled,Disabled,Disabled,Max INP,Max INP,40.00,0.00,40.00,0.00,40.00,0.00,40.00,0.00,No Force,4352,50000,0,0,10,10,2,1,2,1,120 Hz,120 Hz,0,0
,10Mx1M,5600,V10MX1M,10912,1120,VDSL2,8a,Interleaved,Startup,Startup,,,10912,1120,32,32,1,1,6,6,31,31,NA,NA,NA,NA,NA,NA,NA,NA,8,8,1,1,Disabled,Disabled,Disabled,Disabled,Max INP,Max INP,40.00,0.00,40.00,0.00,40.00,0.00,40.00,0.00,No Force,10912,50000,0,0,10,10,2,1,2,1,120 Hz,120 Hz,0,0
,6M/1.5M,3050,V6Mx1.5M,,,VDSL2,8a,Interleaved,Startup,Startup,,,6752,1792,32,32,1,1,6,6,31,31,NA,NA,NA,NA,NA,NA,NA,NA,8,8,1,1,Disabled,Disabled,Disabled,Disabled,Max INP,Max INP,40.00,0.00,40.00,0.00,40.00,0.00,40.00,0.00,No Force,6752,50000,0,0,10,10,2,1,2,1,120 Hz,120 Hz,0,0
,12M/1.5M,3050,V12Mx1.5M,,,VDSL2,8a,Interleaved,Startup,Startup,,,13504,1792,32,32,1,1,6,6,31,31,NA,NA,NA,NA,NA,NA,NA,NA,8,8,1,1,Disabled,Disabled,Disabled,Disabled,Max INP,Max INP,40.00,0.00,40.00,0.00,40.00,0.00,40.00,0.00,No Force,13504,50000,0,0,10,10,2,1,2,1,120 Hz,120 Hz,0,0
,20M/1.5M,3050,V20Mx1.5M,,,VDSL2,8a,Interleaved,Startup,Startup,,,21824,1792,32,32,1,1,6,6,31,31,NA,NA,NA,NA,NA,NA,NA,NA,8,8,1,1,Disabled,Disabled,Disabled,Disabled,Max INP,Max INP,40.00,0.00,40.00,0.00,40.00,0.00,40.00,0.00,No Force,21824,50000,0,0,10,10,2,1,2,1,120 Hz,120 Hz,0,0
,30M/1.5M,2550,V30Mx1.5M,,,VDSL2,8a,Interleaved,Startup,Startup,,,35658,1792,32,32,1,1,6,6,31,31,NA,NA,NA,NA,NA,NA,NA,NA,8,8,1,1,Disabled,Disabled,Disabled,Disabled,Max INP,Max INP,40.00,0.00,40.00,0.00,40.00,0.00,40.00,0.00,No Force,35658,50000,0,0,10,10,2,1,2,1,120 Hz,120 Hz,0,0
,12M/5M,2050,V12Mx5M,,,VDSL2,8a,Interleaved,Startup,Startup,,,13504,5504,32,32,1,1,6,6,31,31,NA,NA,NA,NA,NA,NA,NA,NA,8,8,1,1,Disabled,Disabled,Disabled,Disabled,Max INP,Max INP,40.00,0.00,40.00,0.00,40.00,0.00,40.00,0.00,No Force,13504,50000,0,0,10,10,2,1,2,1,120 Hz,120 Hz,0,0
,20M/5M,2050,V20Mx5M,,,VDSL2,8a,Interleaved,Startup,Startup,,,21824,5504,32,32,1,1,6,6,31,31,NA,NA,NA,NA,NA,NA,NA,NA,8,8,1,1,Disabled,Disabled,Disabled,Disabled,Max INP,Max INP,40.00,0.00,40.00,0.00,40.00,0.00,40.00,0.00,No Force,21824,50000,0,0,10,10,2,1,2,1,120 Hz,120 Hz,0,0
,40M/5M,2050,V40Mx5M,,,VDSL2,8a,Interleaved,Startup,Startup,,,43648,5504,32,32,1,1,6,6,31,31,NA,NA,NA,NA,NA,NA,NA,NA,8,8,1,1,Disabled,Disabled,Disabled,Disabled,Max INP,Max INP,40.00,0.00,40.00,0.00,40.00,0.00,40.00,0.00,No Force,43648,50000,0,0,10,10,2,1,2,1,120 Hz,120 Hz,0,0
,40M/20M,1000,V40Mx20M_12a,,,VDSL2,12a,Interleaved,Startup,Startup,,,43648,21824,32,32,1,1,6,6,31,31,NA,NA,NA,NA,NA,NA,NA,NA,8,8,1,1,Disabled,Disabled,Disabled,Disabled,Max INP,Max INP,40.00,0.00,40.00,0.00,40.00,0.00,40.00,0.00,No Force,43648,50000,0,0,10,10,2,1,2,1,120 Hz,120 Hz,0,0
,40M/20M,1000,V40Mx20M_17a,,,VDSL2,17a,Interleaved,Startup,Startup,,,43648,21824,32,32,1,1,6,6,31,31,NA,NA,NA,NA,NA,NA,NA,NA,8,8,1,1,Disabled,Disabled,Disabled,Disabled,Max INP,Max INP,40.00,0.00,40.00,0.00,40.00,0.00,40.00,0.00,No Force,43648,50000,0,0,10,10,2,1,2,1,120 Hz,120 Hz,0,0
,60M/5M,1000,V60Mx5M,60128,5120,VDSL2,8a,Interleaved,Startup,Startup,,,65472,5504,32,32,1,1,6,6,31,31,NA,NA,NA,NA,NA,NA,NA,NA,8,8,1,1,Disabled,Disabled,Disabled,Disabled,Max INP,Max INP,40.00,0.00,40.00,0.00,40.00,0.00,40.00,0.00,No Force,65472,50000,0,0,10,10,2,1,2,1,120 Hz,120 Hz,0,0
,,,,,,,,,,,,,,,,,,,,,,,,,,,,,,,,,,,,,,,,,,,,,,,,,,,,,,,,,,,,,,,
NewCo Bonded,4M/1M,11550,ABF4Mx1M,4608,1184,ADSL2+,-,Interleaved,Startup,Startup,4608,1216,2304,608,576,152,1,1,6,6,31,31,NA,NA,NA,NA,NA,NA,NA,NA,8,8,1,1,Disabled,Disabled,Disabled,Disabled,Max INP,Max INP,40.00,0.00,40.00,0.00,40.00,0.00,40.00,0.00,No Force,2304,50000,0,0,10,10,2,1,2,1,120 Hz,120 Hz,0,0
VDSL DSLAMS,6M/1.5M,10050,ABF6Mx1.5M,,,ADSL2+,-,Interleaved,Startup,Startup,6752,1792,3376,896,844,224,1,1,6,6,31,31,NA,NA,NA,NA,NA,NA,NA,NA,8,8,1,1,Disabled,Disabled,Disabled,Disabled,Max INP,Max INP,40.00,0.00,40.00,0.00,40.00,0.00,40.00,0.00,No Force,3376,50000,0,0,10,10,2,1,2,1,120 Hz,120 Hz,0,0
High Speed,4M/1M,11550,VB4Mx1M,,,VDSL2,8a,Interleaved,Startup,Startup,4608,1216,2304,608,576,152,1,1,6,6,31,31,NA,NA,NA,NA,NA,NA,NA,NA,8,8,1,1,Disabled,Disabled,Disabled,Disabled,Max INP,Max INP,40.00,0.00,40.00,0.00,40.00,0.00,40.00,0.00,No Force,2304,50000,0,0,10,10,2,1,2,1,120 Hz,120 Hz,0,0
,6M/1.5M,10050,VB6Mx1.5M,,,VDSL2,8a,Interleaved,Startup,Startup,6752,1792,3376,896,844,224,1,1,6,6,31,31,NA,NA,NA,NA,NA,NA,NA,NA,8,8,1,1,Disabled,Disabled,Disabled,Disabled,Max INP,Max INP,40.00,0.00,40.00,0.00,40.00,0.00,40.00,0.00,No Force,3376,50000,0,0,10,10,2,1,2,1,120 Hz,120 Hz,0,0
,10M/1M,6700,VB10Mx1M,11008,1216,VDSL2,8a,Interleaved,Startup,Startup,11008,1216,5504,608,1376,152,1,1,6,6,31,31,NA,NA,NA,NA,NA,NA,NA,NA,8,8,1,1,Disabled,Disabled,Disabled,Disabled,Max INP,Max INP,40.00,0.00,40.00,0.00,40.00,0.00,40.00,0.00,No Force,5504,50000,0,0,10,10,2,1,2,1,120 Hz,120 Hz,0,0
,12M/1.5M,6150,VB12Mx1.5M,,,VDSL2,8a,Interleaved,Startup,Startup,13504,1792,6752,896,1688,224,1,1,6,6,31,31,NA,NA,NA,NA,NA,NA,NA,NA,8,8,1,1,Disabled,Disabled,Disabled,Disabled,Max INP,Max INP,40.00,0.00,40.00,0.00,40.00,0.00,40.00,0.00,No Force,6752,50000,0,0,10,10,2,1,2,1,120 Hz,120 Hz,0,0
,20M/1.5M,5400,VB20Mx1.5M,,,VDSL2,8a,Interleaved,Startup,Startup,21824,1792,10912,896,2728,224,1,1,6,6,31,31,NA,NA,NA,NA,NA,NA,NA,NA,8,8,1,1,Disabled,Disabled,Disabled,Disabled,Max INP,Max INP,40.00,0.00,40.00,0.00,40.00,0.00,40.00,0.00,No Force,10912,50000,0,0,10,10,2,1,2,1,120 Hz,120 Hz,0,0
,30M/1.5M,3600,VB30Mx1.5M,,,VDSL2,8a,Interleaved,Startup,Startup,32704,1792,16352,896,4088,224,1,1,6,6,31,31,NA,NA,NA,NA,NA,NA,NA,NA,8,8,1,1,Disabled,Disabled,Disabled,Disabled,Max INP,Max INP,40.00,0.00,40.00,0.00,40.00,0.00,40.00,0.00,No Force,16352,50000,0,0,10,10,2,1,2,1,120 Hz,120 Hz,0,0
,12M/5M,2550,VB12Mx5M,,,VDSL2,8a,Interleaved,Startup,Startup,13504,5504,6752,2752,1688,688,1,1,6,6,31,31,NA,NA,NA,NA,NA,NA,NA,NA,8,8,1,1,Disabled,Disabled,Disabled,Disabled,Max INP,Max INP,40.00,0.00,40.00,0.00,40.00,0.00,40.00,0.00,No Force,6752,50000,0,0,10,10,2,1,2,1,120 Hz,120 Hz,0,0
,20M/5M,2550,VB20Mx5M,,,VDSL2,8a,Interleaved,Startup,Startup,21824,5504,10912,2752,2728,688,1,1,6,6,31,31,NA,NA,NA,NA,NA,NA,NA,NA,8,8,1,1,Disabled,Disabled,Disabled,Disabled,Max INP,Max INP,40.00,0.00,40.00,0.00,40.00,0.00,40.00,0.00,No Force,10912,50000,0,0,10,10,2,1,2,1,120 Hz,120 Hz,0,0
,40M/5M,2550,VB40Mx5M,,,VDSL2,8a,Interleaved,Startup,Startup,43648,5504,21824,2752,5456,688,1,1,6,6,31,31,NA,NA,NA,NA,NA,NA,NA,NA,8,8,1,1,Disabled,Disabled,Disabled,Disabled,Max INP,Max INP,40.00,0.00,40.00,0.00,40.00,0.00,40.00,0.00,No Force,21824,50000,0,0,10,10,2,1,2,1,120 Hz,120 Hz,0,0
,40M/20M,1250,VB40Mx20M_12a,,,VDSL2,12a,Interleaved,Startup,Startup,43648,21824,21824,10912,5456,2728,1,1,6,6,31,31,NA,NA,NA,NA,NA,NA,NA,NA,8,8,1,1,Disabled,Disabled,Disabled,Disabled,Max INP,Max INP,40.00,0.00,40.00,0.00,40.00,0.00,40.00,0.00,No Force,21824,50000,0,0,10,10,2,1,2,1,120 Hz,120 Hz,0,0
,40M/20M,1250,VB40Mx20M_17a,,,VDSL2,17a,Interleaved,Startup,Startup,43648,21824,21824,10912,5456,2728,1,1,6,6,31,31,NA,NA,NA,NA,NA,NA,NA,NA,8,8,1,1,Disabled,Disabled,Disabled,Disabled,Max INP,Max INP,40.00,0.00,40.00,0.00,40.00,0.00,40.00,0.00,No Force,21824,50000,0,0,10,10,2,1,2,1,120 Hz,120 Hz,0,0
,60M/5M,2050,VB60Mx5M,60128,5120,VDSL2,8a,Interleaved,Startup,Startup,65472,5504,32736,2752,8184,688,1,1,6,6,31,31,NA,NA,NA,NA,NA,NA,NA,NA,8,8,1,1,Disabled,Disabled,Disabled,Disabled,Max INP,Max INP,40.00,0.00,40.00,0.00,40.00,0.00,40.00,0.00,No Force,32736,50000,0,0,10,10,2,1,2,1,120 Hz,120 Hz,0,0
,80M/10M,1800,VB80Mx10M,80128,10144,VDSL2,8a,Interleaved,Startup,Startup,87296,11008,43648,5504,10912,1376,1,1,6,6,31,31,NA,NA,NA,NA,NA,NA,NA,NA,8,8,1,1,Disabled,Disabled,Disabled,Disabled,Max INP,Max INP,40.00,0.00,40.00,0.00,40.00,0.00,40.00,0.00,No Force,43648,50000,0,0,10,10,2,1,2,1,120 Hz,120 Hz,0,0
,80M/40M,1000,VB80Mx40M_12a,,,VDSL2,12a,Interleaved,Startup,Startup,87296,43648,43648,21824,10912,5456,1,1,6,6,31,31,NA,NA,NA,NA,NA,NA,NA,NA,8,8,1,1,Disabled,Disabled,Disabled,Disabled,Max INP,Max INP,40.00,0.00,40.00,0.00,40.00,0.00,40.00,0.00,No Force,43648,50000,0,0,10,10,2,1,2,1,120 Hz,120 Hz,0,0
,80M/40M,1000,VB80Mx40M_17a,,,VDSL2,17a,Interleaved,Startup,Startup,87296,43648,43648,21824,10912,5456,1,1,6,6,31,31,NA,NA,NA,NA,NA,NA,NA,NA,8,8,1,1,Disabled,Disabled,Disabled,Disabled,Max INP,Max INP,40.00,0.00,40.00,0.00,40.00,0.00,40.00,0.00,No Force,43648,50000,0,0,10,10,2,1,2,1,120 Hz,120 Hz,0,0
,,,,,,,,,,,,,,,,,,,,,,,,,,,,,,,,,,,,,,,,,,,,,,,,,,,,,,,,,,,,,,,
NewCo Single,25M/1.5M,2550,V25Mx1.5M_IPTV,25000,2000,VDSL2,8a,Interleaved,Startup,Startup,,,27264,1792,32,32,1,1,9,9,31,31,NA,NA,NA,NA,NA,NA,NA,NA,8,5,2,1,Disabled,Disabled,Disabled,Disabled,Max INP,Max INP,40.00,0.00,40.00,0.00,40.00,0.00,40.00,0.00,No Force,27264,50000,0,0,10,10,2,1,2,1,120 Hz,120 Hz,0,0
VDSL DSLAMS,40M/5M,1800,V40Mx5M_IPTV,40000,5000,VDSL2,8a,Interleaved,Startup,Startup,,,43648,5504,32,32,1,1,9,9,31,31,NA,NA,NA,NA,NA,NA,NA,NA,8,5,2,1,Disabled,Disabled,Disabled,Disabled,Max INP,Max INP,40.00,0.00,40.00,0.00,40.00,0.00,40.00,0.00,No Force,43648,50000,0,0,10,10,2,1,2,1,120 Hz,120 Hz,0,0
IPTV,60M/5M,750,V60Mx5M_IPTV,60000,5000,VDSL2,17a,Interleaved,Startup,Startup,,,65472,5504,32,32,1,1,9,9,31,31,NA,NA,NA,NA,NA,NA,NA,NA,8,5,2,1,Disabled,Disabled,Disabled,Disabled,Max INP,Max INP,40.00,0.00,40.00,0.00,40.00,0.00,40.00,0.00,No Force,65472,50000,0,0,10,10,2,1,2,1,120 Hz,120 Hz,0,0
,,,,,,,,,,,,,,,,,,,,,,,,,,,,,,,,,,,,,,,,,,,,,,,,,,,,,,,,,,,,,,,
NewCo Bonded,25M/1.5M,3850,VB25Mx1.5M_IPTV,25000,2000,VDSL2,8a,Interleaved,Startup,Startup,27264,1792,13632,896,3408,224,1,1,9,9,31,31,NA,NA,NA,NA,NA,NA,NA,NA,8,5,2,1,Disabled,Disabled,Disabled,Disabled,Max INP,Max INP,40.00,0.00,40.00,0.00,40.00,0.00,40.00,0.00,No Force,13632,50000,0,0,10,10,2,1,2,1,120 Hz,120 Hz,0,0
VDSL DSLAMS,40M/5M,2300,VB40Mx5M_IPTV,40000,5000,VDSL2,8a,Interleaved,Startup,Startup,43648,5504,21824,2752,5456,688,1,1,9,9,31,31,NA,NA,NA,NA,NA,NA,NA,NA,8,5,2,1,Disabled,Disabled,Disabled,Disabled,Max INP,Max INP,40.00,0.00,40.00,0.00,40.00,0.00,40.00,0.00,No Force,21824,50000,0,0,10,10,2,1,2,1,120 Hz,120 Hz,0,0
IPTV,60M/5M,2050,VB60Mx5M_IPTV,60000,5000,VDSL2,8a,Interleaved,Startup,Startup,65472,5504,32736,2752,8184,688,1,1,9,9,31,31,NA,NA,NA,NA,NA,NA,NA,NA,8,5,2,1,Disabled,Disabled,Disabled,Disabled,Max INP,Max INP,40.00,0.00,40.00,0.00,40.00,0.00,40.00,0.00,No Force,32736,50000,0,0,10,10,2,1,2,1,120 Hz,120 Hz,0,0
,80M/10M,1800,VB80Mx10M_IPTV,80000,10000,VDSL2,8a,Interleaved,Startup,Startup,87296,11008,43648,5504,10912,1376,1,1,9,9,31,31,NA,NA,NA,NA,NA,NA,NA,NA,8,5,2,1,Disabled,Disabled,Disabled,Disabled,Max INP,Max INP,40.00,0.00,40.00,0.00,40.00,0.00,40.00,0.00,No Force,43648,50000,0,0,10,10,2,1,2,1,120 Hz,120 Hz,0,0
,80M/40M,750,VB80Mx40M_IPTV,80000,40000,VDSL2,17a,Interleaved,Startup,Startup,87296,43648,43648,21824,10912,5456,1,1,9,9,31,31,NA,NA,NA,NA,NA,NA,NA,NA,8,5,2,1,Disabled,Disabled,Disabled,Disabled,Max INP,Max INP,40.00,0.00,40.00,0.00,40.00,0.00,40.00,0.00,No Force,43648,50000,0,0,10,10,2,1,2,1,120 Hz,120 Hz,0,0
,,,,,,,,,,,,,,,,,,,,,,,,,,,,,,,,,,,,,,,,,,,,,,,,,,,,,,,,,,,,,,,
NewCo Single,3M/3M,1800,V3Mx3M_IPC,3552,3552,VDSL2,8a,Interleaved,Startup,Startup,,,3552,3552,32,32,1,1,9,9,31,31,NA,NA,NA,NA,NA,NA,NA,NA,8,5,2,1,Disabled,Disabled,Disabled,Disabled,Max INP,Max INP,40.00,0.00,40.00,0.00,40.00,0.00,40.00,0.00,No Force,3552,50000,0,0,10,10,2,1,2,1,120 Hz,120 Hz,0,0
VDSL DSLAMS,5M/5M,1800,V5Mx5M_IPC,5888,5888,VDSL2,8a,Interleaved,Startup,Startup,,,5888,5888,32,32,1,1,9,9,31,31,NA,NA,NA,NA,NA,NA,NA,NA,8,5,2,1,Disabled,Disabled,Disabled,Disabled,Max INP,Max INP,40.00,0.00,40.00,0.00,40.00,0.00,40.00,0.00,No Force,5888,50000,0,0,10,10,2,1,2,1,120 Hz,120 Hz,0,0
IPC,7M/7M,1800,V7Mx7M_IPC,8288,8288,VDSL2,8a,Interleaved,Startup,Startup,,,8288,8288,32,32,1,1,9,9,31,31,NA,NA,NA,NA,NA,NA,NA,NA,8,5,2,1,Disabled,Disabled,Disabled,Disabled,Max INP,Max INP,40.00,0.00,40.00,0.00,40.00,0.00,40.00,0.00,No Force,8288,50000,0,0,10,10,2,1,2,1,120 Hz,120 Hz,0,0
,10M/10M,1300,V10Mx10M_IPC,12064,12064,VDSL2,12a,Interleaved,Startup,Startup,,,12064,12064,32,32,1,1,9,9,31,31,NA,NA,NA,NA,NA,NA,NA,NA,8,5,2,1,Disabled,Disabled,Disabled,Disabled,Max INP,Max INP,40.00,0.00,40.00,0.00,40.00,0.00,40.00,0.00,No Force,12064,50000,0,0,10,10,2,1,2,1,120 Hz,120 Hz,0,0
,20M/20M,750,V20Mx20M_IPC,24128,24128,VDSL2,12a,Interleaved,Startup,Startup,,,24128,24128,32,32,1,1,9,9,31,31,NA,NA,NA,NA,NA,NA,NA,NA,8,5,2,1,Disabled,Disabled,Disabled,Disabled,Max INP,Max INP,40.00,0.00,40.00,0.00,40.00,0.00,40.00,0.00,No Force,24128,50000,0,0,10,10,2,1,2,1,120 Hz,120 Hz,0,0
,30M/30M,500,V30Mx30M_IPC,35520,35520,VDSL2,12a,Interleaved,Startup,Startup,,,35520,35520,32,32,1,1,9,9,31,31,NA,NA,NA,NA,NA,NA,NA,NA,8,5,2,1,Disabled,Disabled,Disabled,Disabled,Max INP,Max INP,40.00,0.00,40.00,0.00,40.00,0.00,40.00,0.00,No Force,35520,50000,0,0,10,10,2,1,2,1,120 Hz,120 Hz,0,0
,40M/40M,500,V40Mx40M_IPC,47360,47360,VDSL2,12a,Interleaved,Startup,Startup,,,47360,47360,32,32,1,1,9,9,31,31,NA,NA,NA,NA,NA,NA,NA,NA,8,5,2,1,Disabled,Disabled,Disabled,Disabled,Max INP,Max INP,40.00,0.00,40.00,0.00,40.00,0.00,40.00,0.00,No Force,47360,50000,0,0,10,10,2,1,2,1,120 Hz,120 Hz,0,0
,,,,,,,,,,,,,,,,,,,,,,,,,,,,,,,,,,,,,,,,,,,,,,,,,,,,,,,,,,,,,,,
NewCo Bonded,3M/3M,2300,VB3Mx3M_IPC,3552,3552,VDSL2,8a,Interleaved,Startup,Startup,3648,3648,1824,1824,456,456,1,1,9,9,31,31,NA,NA,NA,NA,NA,NA,NA,NA,8,5,2,1,Disabled,Disabled,Disabled,Disabled,Max INP,Max INP,40.00,0.00,40.00,0.00,40.00,0.00,40.00,0.00,No Force,1824,50000,0,0,10,10,2,1,2,1,120 Hz,120 Hz,0,0
VDSL DSLAMS,5M/5M,2300,VB5Mx5M_IPC,5888,5888,VDSL2,8a,Interleaved,Startup,Startup,6080,6080,3040,3040,760,760,1,1,9,9,31,31,NA,NA,NA,NA,NA,NA,NA,NA,8,5,2,1,Disabled,Disabled,Disabled,Disabled,Max INP,Max INP,40.00,0.00,40.00,0.00,40.00,0.00,40.00,0.00,No Force,3040,50000,0,0,10,10,2,1,2,1,120 Hz,120 Hz,0,0
IPC,7M/7M,2300,VB7Mx7M_IPC,8288,8288,VDSL2,8a,Interleaved,Startup,Startup,8456,8456,4228,4228,1057,1057,1,1,9,9,31,31,NA,NA,NA,NA,NA,NA,NA,NA,8,5,2,1,Disabled,Disabled,Disabled,Disabled,Max INP,Max INP,40.00,0.00,40.00,0.00,40.00,0.00,40.00,0.00,No Force,4228,50000,0,0,10,10,2,1,2,1,120 Hz,120 Hz,0,0
,10M/10M,1800,VB10Mx10M_IPC,12064,12064,VDSL2,8a,Interleaved,Startup,Startup,11776,11776,5888,5888,1472,1472,1,1,9,9,31,31,NA,NA,NA,NA,NA,NA,NA,NA,8,5,2,1,Disabled,Disabled,Disabled,Disabled,Max INP,Max INP,40.00,0.00,40.00,0.00,40.00,0.00,40.00,0.00,No Force,5888,50000,0,0,10,10,2,1,2,1,120 Hz,120 Hz,0,0
,20M/20M,1300,VB20Mx20M_IPC,24128,24128,VDSL2,12a,Interleaved,Startup,Startup,24128,24128,12064,12064,3016,3016,1,1,9,9,31,31,NA,NA,NA,NA,NA,NA,NA,NA,8,5,2,1,Disabled,Disabled,Disabled,Disabled,Max INP,Max INP,40.00,0.00,40.00,0.00,40.00,0.00,40.00,0.00,No Force,12064,50000,0,0,10,10,2,1,2,1,120 Hz,120 Hz,0,0
,30M/30M,1000,VB30Mx30M_IPC,35520,35520,VDSL2,12a,Interleaved,Startup,Startup,36160,36160,18080,18080,4520,4520,1,1,9,9,31,31,NA,NA,NA,NA,NA,NA,NA,NA,8,5,2,1,Disabled,Disabled,Disabled,Disabled,Max INP,Max INP,40.00,0.00,40.00,0.00,40.00,0.00,40.00,0.00,No Force,18080,50000,0,0,10,10,2,1,2,1,120 Hz,120 Hz,0,0
,40M/40M,750,VB40Mx40M_IPC,47360,47360,VDSL2,12a,Interleaved,Startup,Startup,48256,48256,24128,24128,6032,6032,1,1,9,9,31,31,NA,NA,NA,NA,NA,NA,NA,NA,8,5,2,1,Disabled,Disabled,Disabled,Disabled,Max INP,Max INP,40.00,0.00,40.00,0.00,40.00,0.00,40.00,0.00,No Force,24128,50000,0,0,10,10,2,1,2,1,120 Hz,120 Hz,0,0
,,,,,,,,,,,,,,,,,,,,,,,,,,,,,,,,,,,,,,,,,,,,,,,,,,,,,,,,,,,,,,,
NewCo Bonded,25M/1.5M,1200,AB25Mx1.5M_IPTV,,,ADSL2+,-,Interleaved,Startup,Startup,27264,1792,13632,896,3408,224,1,1,9,9,31,31,NA,NA,NA,NA,NA,NA,NA,NA,8,5,2,1,Disabled,Disabled,Disabled,Disabled,Max INP,Max INP,40.00,0.00,40.00,0.00,40.00,0.00,40.00,0.00,No Force,13632,50000,0,0,10,10,2,1,2,1,120 Hz,120 Hz,0,0
ADSL2+ DSLAMS,,,,,,,,,,,,,,,,,,,,,,,,,,,,,,,,,,,,,,,,,,,,,,,,,,,,,,,,,,,,,,,
IPTV,,,,,,,,,,,,,,,,,,,,,,,,,,,,,,,,,,,,,,,,,,,,,,,,,,,,,,,,,,,,,,,
,,,,,,,,,,,,,,,,,,,,,,,,,,,,,,,,,,,,,,,,,,,,,,,,,,,,,,,,,,,,,,,
LQ Single Line,256k/256k,14500,256x256,256,256,ADSLMM,-,Interleaved,Startup,Startup,,,256,256,32,32,0,0,6,6,31,31,NA,NA,NA,NA,NA,NA,NA,NA,16,16,-,-,Disabled,Disabled,Disabled,Disabled,Max INP,Max INP,40.00,0.00,40.00,0.00,40.00,0.00,40.00,0.00,No Force,256,50000,0,0,10,10,2,1,2,1,120 Hz,120 Hz,0,0
ADSL,640k/256k,14500,640x256,640,256,ADSLMM,-,Interleaved,Startup,Startup,,,640,256,32,32,0,0,6,6,31,31,NA,NA,NA,NA,NA,NA,NA,NA,16,16,-,-,Disabled,Disabled,Disabled,Disabled,Max INP,Max INP,40.00,0.00,40.00,0.00,40.00,0.00,40.00,0.00,No Force,640,50000,0,0,10,10,2,1,2,1,120 Hz,120 Hz,0,0
,1536k/640k,14100,1536x640,1536,640,ADSLMM,-,Interleaved,Startup,Startup,,,1536,640,32,32,0,0,6,6,31,31,NA,NA,NA,NA,NA,NA,NA,NA,16,16,-,-,Disabled,Disabled,Disabled,Disabled,Max INP,Max INP,40.00,0.00,40.00,0.00,40.00,0.00,40.00,0.00,No Force,1536,50000,0,0,10,10,2,1,2,1,120 Hz,120 Hz,0,0
,1536k/896k,14100,1536x896,1536,896,ADSLMM,-,Interleaved,Startup,Startup,,,1536,896,32,32,0,0,6,6,31,31,NA,NA,NA,NA,NA,NA,NA,NA,16,16,-,-,Disabled,Disabled,Disabled,Disabled,Max INP,Max INP,40.00,0.00,40.00,0.00,40.00,0.00,40.00,0.00,No Force,1536,50000,0,0,10,10,2,1,2,1,120 Hz,120 Hz,0,0
,3072k/640k,10300,3072x640,3072,640,ADSLMM,-,Interleaved,Startup,Startup,,,3072,640,32,32,0,0,6,6,31,31,NA,NA,NA,NA,NA,NA,NA,NA,16,16,-,-,Disabled,Disabled,Disabled,Disabled,Max INP,Max INP,40.00,0.00,40.00,0.00,40.00,0.00,40.00,0.00,No Force,3072,50000,0,0,10,10,2,1,2,1,120 Hz,120 Hz,0,0
,5120k/896k,7700,5120x896,5120,896,ADSLMM,-,Interleaved,Startup,Startup,,,5120,896,32,32,0,0,6,6,31,31,NA,NA,NA,NA,NA,NA,NA,NA,16,16,-,-,Disabled,Disabled,Disabled,Disabled,Max INP,Max INP,40.00,0.00,40.00,0.00,40.00,0.00,40.00,0.00,No Force,5120,50000,0,0,10,10,2,1,2,1,120 Hz,120 Hz,0,0
,7168k/896k,6400,7168x896,7168,896,ADSLMM,-,Interleaved,Startup,Startup,,,7168,896,32,32,0,0,6,6,31,31,NA,NA,NA,NA,NA,NA,NA,NA,16,16,-,-,Disabled,Disabled,Disabled,Disabled,Max INP,Max INP,40.00,0.00,40.00,0.00,40.00,0.00,40.00,0.00,No Force,7168,50000,0,0,10,10,2,1,2,1,120 Hz,120 Hz,0,0
,,,,,,,,,,,,,,,,,,,,,,,,,,,,,,,,,,,,,,,,,,,,,,,,,,,,,,,,,,,,,,,
LQ Single Line,10240k/640k,5000,10240x640,10240,640,ADSL2+,-,Interleaved,Startup,Startup,,,10240,640,32,32,0,0,6,6,31,31,NA,NA,NA,NA,NA,NA,NA,NA,16,16,0.5,0.5,Disabled,Disabled,Disabled,Disabled,Max INP,Max INP,40.00,0.00,40.00,0.00,40.00,0.00,40.00,0.00,No Force,10240,50000,0,0,10,10,2,1,2,1,120 Hz,120 Hz,0,0
ADSL2+,12128k/896k,5000,12128x896,12128,896,ADSL2+,-,Interleaved,Startup,Startup,,,12128,896,32,32,0,0,6,6,31,31,NA,NA,NA,NA,NA,NA,NA,NA,16,16,0.5,0.5,Disabled,Disabled,Disabled,Disabled,Max INP,Max INP,40.00,0.00,40.00,0.00,40.00,0.00,40.00,0.00,No Force,12128,50000,0,0,10,10,2,1,2,1,120 Hz,120 Hz,0,0
High Speed,18128k/896k,2500,18128x896,18128,896,ADSL2+,-,Interleaved,Startup,Startup,,,18128,896,32,32,0,0,6,6,31,31,NA,NA,NA,NA,NA,NA,NA,NA,16,16,0.5,0.5,Disabled,Disabled,Disabled,Disabled,Max INP,Max INP,40.00,0.00,40.00,0.00,40.00,0.00,40.00,0.00,No Force,18128,50000,0,0,10,10,2,1,2,1,120 Hz,120 Hz,0,0
,20128k/896k,2500,20128x896,20128,896,ADSL2+,-,Interleaved,Startup,Startup,,,20128,896,32,32,0,0,6,6,31,31,NA,NA,NA,NA,NA,NA,NA,NA,16,16,0.5,0.5,Disabled,Disabled,Disabled,Disabled,Max INP,Max INP,40.00,0.00,40.00,0.00,40.00,0.00,40.00,0.00,No Force,20128,50000,0,0,10,10,2,1,2,1,120 Hz,120 Hz,0,0
,,,,,,,,,,,,,,,,,,,,,,,,,,,,,,,,,,,,,,,,,,,,,,,,,,,,,,,,,,,,,,,
LQ Bonded,2048k/1536k,4000,2048x1536_bond,2048,1536,ADSL2+,-,Interleaved,Startup,Startup,2048,1536,1024,768,256,192,0,0,6,6,31,31,NA,NA,NA,NA,NA,NA,NA,NA,16,16,0.5,0.5,Disabled,Disabled,Disabled,Disabled,Max INP,Max INP,40.00,0.00,40.00,0.00,40.00,0.00,40.00,0.00,No Force,1024,50000,0,0,10,10,2,1,2,1,120 Hz,120 Hz,0,0
ADSL2+,3072k/2048k,4000,3072x2048_bond,3072,2048,ADSL2+,-,Interleaved,Startup,Startup,3072,2048,1536,1024,384,256,0,0,6,6,31,31,NA,NA,NA,NA,NA,NA,NA,NA,16,16,0.5,0.5,Disabled,Disabled,Disabled,Disabled,Max INP,Max INP,40.00,0.00,40.00,0.00,40.00,0.00,40.00,0.00,No Force,1536,50000,0,0,10,10,2,1,2,1,120 Hz,120 Hz,0,0
High Speed,5120k/1536k,4000,5120x1536_bond,5120,1536,ADSL2+,-,Interleaved,Startup,Startup,5120,1536,2560,768,640,192,0,0,6,6,31,31,NA,NA,NA,NA,NA,NA,NA,NA,16,16,0.5,0.5,Disabled,Disabled,Disabled,Disabled,Max INP,Max INP,40.00,0.00,40.00,0.00,40.00,0.00,40.00,0.00,No Force,2560,50000,0,0,10,10,2,1,2,1,120 Hz,120 Hz,0,0
,7168k/2048k,4000,7168x2048_bond ,7168,2048,ADSL2+,-,Interleaved,Startup,Startup,7168,2048,3584,1024,896,256,0,0,6,6,31,31,NA,NA,NA,NA,NA,NA,NA,NA,16,16,0.5,0.5,Disabled,Disabled,Disabled,Disabled,Max INP,Max INP,40.00,0.00,40.00,0.00,40.00,0.00,40.00,0.00,No Force,3584,50000,0,0,10,10,2,1,2,1,120 Hz,120 Hz,0,0
,10176k/1536k,4000,10176x1536_bond,10176,1536,ADSL2+,-,Interleaved,Startup,Startup,10176,1536,5088,768,1272,192,0,0,6,6,31,31,NA,NA,NA,NA,NA,NA,NA,NA,16,16,0.5,0.5,Disabled,Disabled,Disabled,Disabled,Max INP,Max INP,40.00,0.00,40.00,0.00,40.00,0.00,40.00,0.00,No Force,5088,50000,0,0,10,10,2,1,2,1,120 Hz,120 Hz,0,0
,12160k/2048k,4000,12160x2048_bond,12160,2048,ADSL2+,-,Interleaved,Startup,Startup,12160,2048,6080,1024,1520,256,0,0,6,6,31,31,NA,NA,NA,NA,NA,NA,NA,NA,16,16,0.5,0.5,Disabled,Disabled,Disabled,Disabled,Max INP,Max INP,40.00,0.00,40.00,0.00,40.00,0.00,40.00,0.00,No Force,6080,50000,0,0,10,10,2,1,2,1,120 Hz,120 Hz,0,0
,18176k/1536k,4000,18176x1536_bond,18176,1536,ADSL2+,-,Interleaved,Startup,Startup,18176,1536,9088,768,2272,192,0,0,6,6,31,31,NA,NA,NA,NA,NA,NA,NA,NA,16,16,0.5,0.5,Disabled,Disabled,Disabled,Disabled,Max INP,Max INP,40.00,0.00,40.00,0.00,40.00,0.00,40.00,0.00,No Force,9088,50000,0,0,10,10,2,1,2,1,120 Hz,120 Hz,0,0
,20160k/2048k,4000,20160x2048_bond,20160,2048,ADSL2+,-,Interleaved,Startup,Startup,20160,2048,10080,1024,2520,256,0,0,6,6,31,31,NA,NA,NA,NA,NA,NA,NA,NA,16,16,0.5,0.5,Disabled,Disabled,Disabled,Disabled,Max INP,Max INP,40.00,0.00,40.00,0.00,40.00,0.00,40.00,0.00,No Force,10080,50000,0,0,10,10,2,1,2,1,120 Hz,120 Hz,0,0
,,,,,,,,,,,,,,,,,,,,,,,,,,,,,,,,,,,,,,,,,,,,,,,,,,,,,,,,,,,,,,,
LQ Single Line,640k/256k,8500,640x256_8a,640,256,VDSL2,8a,Interleaved,Startup,Startup,,,640,256,32,32,0,0,6,6,31,31,NA,NA,NA,NA,NA,NA,NA,NA,16,16,1,1,Disabled,Disabled,Disabled,Disabled,Max INP,Max INP,40.00,0.00,40.00,0.00,40.00,0.00,40.00,0.00,No Force,640,50000,0,0,10,10,2,1,2,1,120 Hz,120 Hz,0,0
VDSL2,1536k/640k,8500,1536x640_8a,1536,640,VDSL2,8a,Interleaved,Startup,Startup,,,1536,640,32,32,0,0,6,6,31,31,NA,NA,NA,NA,NA,NA,NA,NA,16,16,1,1,Disabled,Disabled,Disabled,Disabled,Max INP,Max INP,40.00,0.00,40.00,0.00,40.00,0.00,40.00,0.00,No Force,1536,50000,0,0,10,10,2,1,2,1,120 Hz,120 Hz,0,0
High Speed,1536k/896k,8500,1536x896_8a,1536,896,VDSL2,8a,Interleaved,Startup,Startup,,,1536,896,32,32,0,0,6,6,31,31,NA,NA,NA,NA,NA,NA,NA,NA,16,16,1,1,Disabled,Disabled,Disabled,Disabled,Max INP,Max INP,40.00,0.00,40.00,0.00,40.00,0.00,40.00,0.00,No Force,1536,50000,0,0,10,10,2,1,2,1,120 Hz,120 Hz,0,0
,3072k/640k,8500,3072x640_8a,3072,640,VDSL2,8a,Interleaved,Startup,Startup,,,3072,640,32,32,0,0,6,6,31,31,NA,NA,NA,NA,NA,NA,NA,NA,16,16,1,1,Disabled,Disabled,Disabled,Disabled,Max INP,Max INP,40.00,0.00,40.00,0.00,40.00,0.00,40.00,0.00,No Force,3072,50000,0,0,10,10,2,1,2,1,120 Hz,120 Hz,0,0
,5120k/896k,7500,5120x896_8a,5120,896,VDSL2,8a,Interleaved,Startup,Startup,,,5120,896,32,32,0,0,6,6,31,31,NA,NA,NA,NA,NA,NA,NA,NA,16,16,1,1,Disabled,Disabled,Disabled,Disabled,Max INP,Max INP,40.00,0.00,40.00,0.00,40.00,0.00,40.00,0.00,No Force,5120,50000,0,0,10,10,2,1,2,1,120 Hz,120 Hz,0,0
,7168k/896k,6250,7168x896_8a,7168,896,VDSL2,8a,Interleaved,Startup,Startup,,,7168,896,32,32,0,0,6,6,31,31,NA,NA,NA,NA,NA,NA,NA,NA,16,16,1,1,Disabled,Disabled,Disabled,Disabled,Max INP,Max INP,40.00,0.00,40.00,0.00,40.00,0.00,40.00,0.00,No Force,7168,50000,0,0,10,10,2,1,2,1,120 Hz,120 Hz,0,0
,10240k/640k,5000,10240x640_8a,10240,640,VDSL2,8a,Interleaved,Startup,Startup,,,10240,640,32,32,0,0,6,6,31,31,NA,NA,NA,NA,NA,NA,NA,NA,16,16,1,1,Disabled,Disabled,Disabled,Disabled,Max INP,Max INP,40.00,0.00,40.00,0.00,40.00,0.00,40.00,0.00,No Force,10240,50000,0,0,10,10,2,1,2,1,120 Hz,120 Hz,0,0
,12128k/896k,5000,12128x896_8a,12128,896,VDSL2,8a,Interleaved,Startup,Startup,,,12128,896,32,32,0,0,6,6,31,31,NA,NA,NA,NA,NA,NA,NA,NA,16,16,1,1,Disabled,Disabled,Disabled,Disabled,Max INP,Max INP,40.00,0.00,40.00,0.00,40.00,0.00,40.00,0.00,No Force,12128,50000,0,0,10,10,2,1,2,1,120 Hz,120 Hz,0,0
,18128k/896k,2500,18128x896_8a,18128,896,VDSL2,8a,Interleaved,Startup,Startup,,,18128,896,32,32,0,0,6,6,31,31,NA,NA,NA,NA,NA,NA,NA,NA,16,16,1,1,Disabled,Disabled,Disabled,Disabled,Max INP,Max INP,40.00,0.00,40.00,0.00,40.00,0.00,40.00,0.00,No Force,18128,50000,0,0,10,10,2,1,2,1,120 Hz,120 Hz,0,0
,20128k/896k,2500,20128x896_8a,20128,896,VDSL2,8a,Interleaved,Startup,Startup,,,20128,896,32,32,0,0,6,6,31,31,NA,NA,NA,NA,NA,NA,NA,NA,16,16,1,1,Disabled,Disabled,Disabled,Disabled,Max INP,Max INP,40.00,0.00,40.00,0.00,40.00,0.00,40.00,0.00,No Force,20128,50000,0,0,10,10,2,1,2,1,120 Hz,120 Hz,0,0
,3072k/2048k,8500,3072x2048_8a,3072,1024,VDSL2,8a,Interleaved,Startup,Startup,,,3072,2048,32,32,0,0,6,6,31,31,NA,NA,NA,NA,NA,NA,NA,NA,16,16,1,1,Disabled,Disabled,Disabled,Disabled,Max INP,Max INP,40.00,0.00,40.00,0.00,40.00,0.00,40.00,0.00,No Force,3072,50000,0,0,10,10,2,1,2,1,120 Hz,120 Hz,0,0
,5120k/3072k,2100,5120x3072_8a,5120,3072,VDSL2,8a,Interleaved,Startup,Startup,,,5120,3072,32,32,0,0,6,6,31,31,NA,NA,NA,NA,NA,NA,NA,NA,16,16,1,1,Disabled,Disabled,Disabled,Disabled,Max INP,Max INP,40.00,0.00,40.00,0.00,40.00,0.00,40.00,0.00,No Force,5120,50000,0,0,10,10,2,1,2,1,120 Hz,120 Hz,0,0
,5120k/5120k,2100,5120x5120_8a,5120,5120,VDSL2,8a,Interleaved,Startup,Startup,,,5120,5120,32,32,0,0,6,6,31,31,NA,NA,NA,NA,NA,NA,NA,NA,16,16,1,1,Disabled,Disabled,Disabled,Disabled,Max INP,Max INP,40.00,0.00,40.00,0.00,40.00,0.00,40.00,0.00,No Force,5120,50000,0,0,10,10,2,1,2,1,120 Hz,120 Hz,0,0
,7168k/2048k,2600,7168x2048_8a,7168,2048,VDSL2,8a,Interleaved,Startup,Startup,,,7168,2048,32,32,0,0,6,6,31,31,NA,NA,NA,NA,NA,NA,NA,NA,16,16,1,1,Disabled,Disabled,Disabled,Disabled,Max INP,Max INP,40.00,0.00,40.00,0.00,40.00,0.00,40.00,0.00,No Force,7168,50000,0,0,10,10,2,1,2,1,120 Hz,120 Hz,0,0
,7168k/5120k,2100,7168x5120_8a,7168,5120,VDSL2,8a,Interleaved,Startup,Startup,,,7168,5120,32,32,0,0,6,6,31,31,NA,NA,NA,NA,NA,NA,NA,NA,16,16,1,1,Disabled,Disabled,Disabled,Disabled,Max INP,Max INP,40.00,0.00,40.00,0.00,40.00,0.00,40.00,0.00,No Force,7168,50000,0,0,10,10,2,1,2,1,120 Hz,120 Hz,0,0
,10240k/3072k,2100,10240x3072_8a,10240,3072,VDSL2,8a,Interleaved,Startup,Startup,,,12040,3072,32,32,0,0,6,6,31,31,NA,NA,NA,NA,NA,NA,NA,NA,16,16,1,1,Disabled,Disabled,Disabled,Disabled,Max INP,Max INP,40.00,0.00,40.00,0.00,40.00,0.00,40.00,0.00,No Force,12040,50000,0,0,10,10,2,1,2,1,120 Hz,120 Hz,0,0
,12128k/5120k,2100,12128x5120_8a,12128,5120,VDSL2,8a,Interleaved,Startup,Startup,,,12128,5120,32,32,0,0,6,6,31,31,NA,NA,NA,NA,NA,NA,NA,NA,16,16,1,1,Disabled,Disabled,Disabled,Disabled,Max INP,Max INP,40.00,0.00,40.00,0.00,40.00,0.00,40.00,0.00,No Force,12128,50000,0,0,10,10,2,1,2,1,120 Hz,120 Hz,0,0
,15136k/3072k,2100,15136x3072_8a,15136,3072,VDSL2,8a,Interleaved,Startup,Startup,,,15136,3072,32,32,0,0,6,6,31,31,NA,NA,NA,NA,NA,NA,NA,NA,16,16,1,1,Disabled,Disabled,Disabled,Disabled,Max INP,Max INP,40.00,0.00,40.00,0.00,40.00,0.00,40.00,0.00,No Force,15136,50000,0,0,10,10,2,1,2,1,120 Hz,120 Hz,0,0
,20128k/5120k,2100,20128x5120_8a,20128,5120,VDSL2,8a,Interleaved,Startup,Startup,,,20128,5120,32,32,0,0,6,6,31,31,NA,NA,NA,NA,NA,NA,NA,NA,16,16,1,1,Disabled,Disabled,Disabled,Disabled,Max INP,Max INP,40.00,0.00,40.00,0.00,40.00,0.00,40.00,0.00,No Force,20128,50000,0,0,10,10,2,1,2,1,120 Hz,120 Hz,0,0
,35136k/3072k,2100,35136x3072_8a,35136,3072,VDSL2,8a,Interleaved,Startup,Startup,,,35136,3072,32,32,0,0,6,6,31,31,NA,NA,NA,NA,NA,NA,NA,NA,16,16,1,1,Disabled,Disabled,Disabled,Disabled,Max INP,Max INP,40.00,0.00,40.00,0.00,40.00,0.00,40.00,0.00,No Force,35136,50000,0,0,10,10,2,1,2,1,120 Hz,120 Hz,0,0
,40128k/5120k,2100,40128x5120_8a,40128,5120,VDSL2,8a,Interleaved,Startup,Startup,,,40128,5120,32,32,0,0,6,6,31,31,NA,NA,NA,NA,NA,NA,NA,NA,16,16,1,1,Disabled,Disabled,Disabled,Disabled,Max INP,Max INP,40.00,0.00,40.00,0.00,40.00,0.00,40.00,0.00,No Force,40128,50000,0,0,10,10,2,1,2,1,120 Hz,120 Hz,0,0
,35136k/15136k,1200,35136x15136_12a,35136,15136,VDSL2,12a,Interleaved,Startup,Startup,,,35136,15136,32,32,0,0,6,6,31,31,NA,NA,NA,NA,NA,NA,NA,NA,16,16,1,1,Disabled,Disabled,Disabled,Disabled,Max INP,Max INP,40.00,0.00,40.00,0.00,40.00,0.00,40.00,0.00,No Force,35136,50000,0,0,10,10,2,1,2,1,120 Hz,120 Hz,0,0
,40128k/20128k,1200,40128x20128_12a,40128,20128,VDSL2,12a,Interleaved,Startup,Startup,,,40128,20128,32,32,0,0,6,6,31,31,NA,NA,NA,NA,NA,NA,NA,NA,16,16,1,1,Disabled,Disabled,Disabled,Disabled,Max INP,Max INP,40.00,0.00,40.00,0.00,40.00,0.00,40.00,0.00,No Force,40128,50000,0,0,10,10,2,1,2,1,120 Hz,120 Hz,0,0
,,,,,,,,,,,,,,,,,,,,,,,,,,,,,,,,,,,,,,,,,,,,,,,,,,,,,,,,,,,,,,,
LQ Bonded,2048k/1536k,8500,2048x1536_bond8a,2048,1536,VDSL2,8a,Interleaved,Startup,Startup,2048,1536,1024,768,256,192,0,0,6,6,31,31,NA,NA,NA,NA,NA,NA,NA,NA,16,16,1,1,Disabled,Disabled,Disabled,Disabled,Max INP,Max INP,40.00,0.00,40.00,0.00,40.00,0.00,40.00,0.00,No Force,1024,50000,0,0,10,10,2,1,2,1,120 Hz,120 Hz,0,0
VDSL2,3072k/2048k,8500,3072x2048_bond8a,3072,2048,VDSL2,8a,Interleaved,Startup,Startup,3072,2048,1536,1024,384,256,0,0,6,6,31,31,NA,NA,NA,NA,NA,NA,NA,NA,16,16,1,1,Disabled,Disabled,Disabled,Disabled,Max INP,Max INP,40.00,0.00,40.00,0.00,40.00,0.00,40.00,0.00,No Force,1536,50000,0,0,10,10,2,1,2,1,120 Hz,120 Hz,0,0
High Speed,5120k/1536k,8500,5120x1536_bond8a,5120,1536,VDSL2,8a,Interleaved,Startup,Startup,5120,1536,2560,768,640,192,0,0,6,6,31,31,NA,NA,NA,NA,NA,NA,NA,NA,16,16,1,1,Disabled,Disabled,Disabled,Disabled,Max INP,Max INP,40.00,0.00,40.00,0.00,40.00,0.00,40.00,0.00,No Force,2560,50000,0,0,10,10,2,1,2,1,120 Hz,120 Hz,0,0
,7168k/2048k,8500,7168x2048_bond8a,7168,2048,VDSL2,8a,Interleaved,Startup,Startup,7168,2048,3584,1024,896,256,0,0,6,6,31,31,NA,NA,NA,NA,NA,NA,NA,NA,16,16,1,1,Disabled,Disabled,Disabled,Disabled,Max INP,Max INP,40.00,0.00,40.00,0.00,40.00,0.00,40.00,0.00,No Force,3584,50000,0,0,10,10,2,1,2,1,120 Hz,120 Hz,0,0
,10144k/1536k,8500,10144x1536_bond8a,10144,1536,VDSL2,8a,Interleaved,Startup,Startup,10144,1536,5072,768,1268,192,0,0,6,6,31,31,NA,NA,NA,NA,NA,NA,NA,NA,16,16,1,1,Disabled,Disabled,Disabled,Disabled,Max INP,Max INP,40.00,0.00,40.00,0.00,40.00,0.00,40.00,0.00,No Force,5072,50000,0,0,10,10,2,1,2,1,120 Hz,120 Hz,0,0
,12128k/2048k,8500,12128x2048_bond8a,12128,2048,VDSL2,8a,Interleaved,Startup,Startup,12128,2048,6064,1024,1516,256,0,0,6,6,31,31,NA,NA,NA,NA,NA,NA,NA,NA,16,16,1,1,Disabled,Disabled,Disabled,Disabled,Max INP,Max INP,40.00,0.00,40.00,0.00,40.00,0.00,40.00,0.00,No Force,6064,50000,0,0,10,10,2,1,2,1,120 Hz,120 Hz,0,0
,18128k/1536k,8500,18128x1536_bond8a,18128,2048,VDSL2,8a,Interleaved,Startup,Startup,18128,1536,9064,768,2266,192,0,0,6,6,31,31,NA,NA,NA,NA,NA,NA,NA,NA,16,16,1,1,Disabled,Disabled,Disabled,Disabled,Max INP,Max INP,40.00,0.00,40.00,0.00,40.00,0.00,40.00,0.00,No Force,9064,50000,0,0,10,10,2,1,2,1,120 Hz,120 Hz,0,0
,20128k/2048k,8500, 20128x2048_bond8a,20128,2048,VDSL2,8a,Interleaved,Startup,Startup,20128,2048,10064,1024,2516,256,0,0,6,6,31,31,NA,NA,NA,NA,NA,NA,NA,NA,16,16,1,1,Disabled,Disabled,Disabled,Disabled,Max INP,Max INP,40.00,0.00,40.00,0.00,40.00,0.00,40.00,0.00,No Force,10064,50000,0,0,10,10,2,1,2,1,120 Hz,120 Hz,0,0
,35136k/5120k,4400,35136x5120_bond8a,35136,3072,VDSL2,8a,Interleaved,Startup,Startup,35136,5120,17568,2560,4392,640,0,0,6,6,31,31,NA,NA,NA,NA,NA,NA,NA,NA,16,16,1,1,Disabled,Disabled,Disabled,Disabled,Max INP,Max INP,40.00,0.00,40.00,0.00,40.00,0.00,40.00,0.00,No Force,17568,50000,0,0,10,10,2,1,2,1,120 Hz,120 Hz,0,0
,40128k/5120k,4400,40128x5120_bond8a,40128,5120,VDSL2,8a,Interleaved,Startup,Startup,40128,5120,20064,2560,5016,640,0,0,6,6,31,31,NA,NA,NA,NA,NA,NA,NA,NA,16,16,1,1,Disabled,Disabled,Disabled,Disabled,Max INP,Max INP,40.00,0.00,40.00,0.00,40.00,0.00,40.00,0.00,No Force,20064,50000,0,0,10,10,2,1,2,1,120 Hz,120 Hz,0,0
,35136k/20128k,1200,35136x20128_bond12a,35136,20128,VDSL2,8a,Interleaved,Startup,Startup,35136,20128,17568,10064,4392,2516,0,0,6,6,31,31,NA,NA,NA,NA,NA,NA,NA,NA,16,16,1,1,Disabled,Disabled,Disabled,Disabled,Max INP,Max INP,40.00,0.00,40.00,0.00,40.00,0.00,40.00,0.00,No Force,17568,50000,0,0,10,10,2,1,2,1,120 Hz,120 Hz,0,0
,40128k/20128k,1200,40128x20128_bond12a,40128,20128,VDSL2,8a,Interleaved,Startup,Startup,40128,20128,20064,10064,5016,2516,0,0,6,6,31,31,NA,NA,NA,NA,NA,NA,NA,NA,16,16,1,1,Disabled,Disabled,Disabled,Disabled,Max INP,Max INP,40.00,0.00,40.00,0.00,40.00,0.00,40.00,0.00,No Force,20064,50000,0,0,10,10,2,1,2,1,120 Hz,120 Hz,0,0
,55136k/20128k,1200,55136x20128_bond12a,55136,20128,VDSL2,12a,Interleaved,Startup,Startup,55136,20128,27568,10064,6892,2516,0,0,6,6,31,31,NA,NA,NA,NA,NA,NA,NA,NA,16,16,1,1,Disabled,Disabled,Disabled,Disabled,Max INP,Max INP,40.00,0.00,40.00,0.00,40.00,0.00,40.00,0.00,No Force,27568,50000,0,0,10,10,2,1,2,1,120 Hz,120 Hz,0,0
,60128k/30144k,1200,60128x30144_bond12a,60128,30144,VDSL2,12a,Interleaved,Startup,Startup,60128,30144,30064,15072,7516,3768,0,0,6,6,31,31,NA,NA,NA,NA,NA,NA,NA,NA,16,16,1,1,Disabled,Disabled,Disabled,Disabled,Max INP,Max INP,40.00,0.00,40.00,0.00,40.00,0.00,40.00,0.00,No Force,30064,50000,0,0,10,10,2,1,2,1,120 Hz,120 Hz,0,0
,75136k/35136k,1200,75136x35136_bond12a,75136,35136,VDSL2,12a,Interleaved,Startup,Startup,75136,35136,37568,17568,9392,4392,0,0,6,6,31,31,NA,NA,NA,NA,NA,NA,NA,NA,16,16,1,1,Disabled,Disabled,Disabled,Disabled,Max INP,Max INP,40.00,0.00,40.00,0.00,40.00,0.00,40.00,0.00,No Force,37568,50000,0,0,10,10,2,1,2,1,120 Hz,120 Hz,0,0
,80128k/40128k,1200,80128x40128_bond12a,80128,40128,VDSL2,12a,Interleaved,Startup,Startup,80128,40128,40064,20064,10016,5016,0,0,6,6,31,31,NA,NA,NA,NA,NA,NA,NA,NA,16,16,1,1,Disabled,Disabled,Disabled,Disabled,Max INP,Max INP,40.00,0.00,40.00,0.00,40.00,0.00,40.00,0.00,No Force,40064,50000,0,0,10,10,2,1,2,1,120 Hz,120 Hz,0,0
,100128k/12128k,500,100128x12128_bond8a,100128,12128,VDSL2,8a,Interleaved,Startup,Startup,100128,12128,50064,6064,12516,1516,0,0,6,6,31,31,NA,NA,NA,NA,NA,NA,NA,NA,16,16,1,1,Disabled,Disabled,Disabled,Disabled,Max INP,Max INP,40.00,0.00,40.00,0.00,40.00,0.00,40.00,0.00,No Force,50064,50000,0,0,10,10,2,1,2,1,120 Hz,120 Hz,0,0
,,,,,,,,,,,,,,,,,,,,,,,,,,,,,,,,,,,,,,,,,,,,,,,,,,,,,,,,,,,,,,,
LQ Single,25M/2M,2550,25Mx2M_8a,25000,2000,VDSL2,8a,Interleaved,Startup,Startup,,,27008,2176,32,32,1,1,9,9,31,31,NA,NA,NA,NA,NA,NA,NA,NA,8,5,2,1,Disabled,Disabled,Disabled,Disabled,Max INP,Max INP,40.00,0.00,40.00,0.00,40.00,0.00,40.00,0.00,No Force,27008,50000,0,0,10,10,2,1,2,1,120 Hz,120 Hz,0,0
VDSL DSLAMS,40M/5M,1800,40Mx5M_8a,40000,5000,VDSL2,8a,Interleaved,Startup,Startup,,,43008,5376,32,32,1,1,9,9,31,31,NA,NA,NA,NA,NA,NA,NA,NA,8,5,2,1,Disabled,Disabled,Disabled,Disabled,Max INP,Max INP,40.00,0.00,40.00,0.00,40.00,0.00,40.00,0.00,No Force,43008,50000,0,0,10,10,2,1,2,1,120 Hz,120 Hz,0,0
IPTV,,,,,,,,,,,,,,,,,,,,,,,,,,,,,,,,,,,,,,,,,,,,,,,,,,,,,,,,,,,,,,,
,,,,,,,,,,,,,,,,,,,,,,,,,,,,,,,,,,,,,,,,,,,,,,,,,,,,,,,,,,,,,,,
LQ Bonded,25M/2M,4100,25Mx2M_bond8a,25000,2000,VDSL2,8a,Interleaved,Startup,Startup,27264,2240,13632,1120,3408,280,1,1,9,9,31,31,NA,NA,NA,NA,NA,NA,NA,NA,8,5,2,1,Disabled,Disabled,Disabled,Disabled,Max INP,Max INP,40.00,0.00,40.00,0.00,40.00,0.00,40.00,0.00,No Force,13632,50000,0,0,10,10,2,1,2,1,120 Hz,120 Hz,0,0
VDSL DSLAMS,40M/5M,2550,40Mx5M_bond8a,40000,5000,VDSL2,8a,Interleaved,Startup,Startup,43648,5504,21824,2752,5456,688,1,1,9,9,31,31,NA,NA,NA,NA,NA,NA,NA,NA,8,5,2,1,Disabled,Disabled,Disabled,Disabled,Max INP,Max INP,40.00,0.00,40.00,0.00,40.00,0.00,40.00,0.00,No Force,21824,50000,0,0,10,10,2,1,2,1,120 Hz,120 Hz,0,0
IPTV,60M/30M,1000,60Mx30M_bond12a,60000,30000,VDSL2,8a,Interleaved,Startup,Startup,65472,32736,32736,16368,8184,4092,1,1,9,9,31,31,NA,NA,NA,NA,NA,NA,NA,NA,8,5,2,1,Disabled,Disabled,Disabled,Disabled,Max INP,Max INP,40.00,0.00,40.00,0.00,40.00,0.00,40.00,0.00,No Force,32736,50000,0,0,10,10,2,1,2,1,120 Hz,120 Hz,0,0
,80M/40M,750,80Mx40M_bond12a,80000,40000,VDSL2,8a,Interleaved,Startup,Startup,87296,43648,43648,21824,10912,5456,1,1,9,9,31,31,NA,NA,NA,NA,NA,NA,NA,NA,8,5,2,1,Disabled,Disabled,Disabled,Disabled,Max INP,Max INP,40.00,0.00,40.00,0.00,40.00,0.00,40.00,0.00,No Force,43648,50000,0,0,10,10,2,1,2,1,120 Hz,120 Hz,0,0
,,,,,,,,,,,,,,,,,,,,,,,,,,,,,,,,,,,,,,,,,,,,,,,,,,,,,,,,,,,,,,,
LC Single Line,896k/288k,2900,896x288_LCTL,,,VDSL2MM,8a,Fast,Startup,Startup,,,896,288,32,32,1,1,9,9,16,16,NA,NA,NA,NA,NA,NA,NA,NA,8,8,0.5,0.5,Disabled,Disabled,Disabled,Disabled,Max INP,Max INP,40.00,0.00,40.00,0.00,40.00,0.00,40.00,0.00,No Force,896,50000,0,0,10,10,2,1,2,1,120 Hz,120 Hz,0,0
VDSL2,896k/448k,2900,896x448_LCTL,,,VDSL2MM,8a,Fast,Startup,Startup,,,896,448,32,32,1,1,9,9,16,16,NA,NA,NA,NA,NA,NA,NA,NA,8,8,0.5,0.5,Disabled,Disabled,Disabled,Disabled,Max INP,Max INP,40.00,0.00,40.00,0.00,40.00,0.00,40.00,0.00,No Force,896,50000,0,0,10,10,2,1,2,1,120 Hz,120 Hz,0,0
High Speed,1760k/288k,2900,1760x288_LCTL,,,VDSL2MM,8a,Fast,Startup,Startup,,,1760,288,32,32,1,1,9,9,16,16,NA,NA,NA,NA,NA,NA,NA,NA,8,8,0.5,0.5,Disabled,Disabled,Disabled,Disabled,Max INP,Max INP,40.00,0.00,40.00,0.00,40.00,0.00,40.00,0.00,No Force,1760,50000,0,0,10,10,2,1,2,1,120 Hz,120 Hz,0,0
,1760k/576k,2900,1760x576_LCTL,,,VDSL2MM,8a,Fast,Startup,Startup,,,1760,576,32,32,1,1,9,9,16,16,NA,NA,NA,NA,NA,NA,NA,NA,8,8,0.5,0.5,Disabled,Disabled,Disabled,Disabled,Max INP,Max INP,40.00,0.00,40.00,0.00,40.00,0.00,40.00,0.00,No Force,1760,50000,0,0,10,10,2,1,2,1,120 Hz,120 Hz,0,0
,3520k/576k,2900,3520x576_LCTL,,,VDSL2MM,8a,Fast,Startup,Startup,,,3520,576,32,32,1,1,9,9,16,16,NA,NA,NA,NA,NA,NA,NA,NA,8,8,0.5,0.5,Disabled,Disabled,Disabled,Disabled,Max INP,Max INP,40.00,0.00,40.00,0.00,40.00,0.00,40.00,0.00,No Force,3520,50000,0,0,10,10,2,1,2,1,120 Hz,120 Hz,0,0
,5888k/896k,2900,5888x896_LCTL,,,VDSL2MM,8a,Fast,Startup,Startup,,,5888,896,32,32,1,1,9,9,16,16,NA,NA,NA,NA,NA,NA,NA,NA,8,8,0.5,0.5,Disabled,Disabled,Disabled,Disabled,Max INP,Max INP,40.00,0.00,40.00,0.00,40.00,0.00,40.00,0.00,No Force,5888,50000,0,0,10,10,2,1,2,1,120 Hz,120 Hz,0,0
,11776k/1024k,2900,11776x1024_LCTL,,,VDSL2MM,8a,Fast,Startup,Startup,,,11776,1024,32,32,1,1,9,9,16,16,NA,NA,NA,NA,NA,NA,NA,NA,8,8,0.5,0.5,Disabled,Disabled,Disabled,Disabled,Max INP,Max INP,40.00,0.00,40.00,0.00,40.00,0.00,40.00,0.00,No Force,11776,50000,0,0,10,10,2,1,2,1,120 Hz,120 Hz,0,0
,15008k/1504k,2900,15008x1504_LCTL,,,VDSL2,8a,Fast,Startup,Startup,,,15008,1504,32,32,1,1,9,6,16,16,NA,NA,NA,NA,NA,NA,NA,NA,8,5,0.5,0.5,Disabled,Disabled,Disabled,Disabled,Max INP,Max INP,40.00,0.00,40.00,0.00,40.00,0.00,40.00,0.00,No Force,15008,50000,0,0,10,10,2,1,2,1,120 Hz,120 Hz,0,0
,20000k/2016k,2900,20000x2016_LCTL,,,VDSL2,8a,Fast,Startup,Startup,,,20000,2016,32,32,1,1,9,6,16,16,NA,NA,NA,NA,NA,NA,NA,NA,8,5,0.5,0.5,Disabled,Disabled,Disabled,Disabled,Max INP,Max INP,40.00,0.00,40.00,0.00,40.00,0.00,40.00,0.00,No Force,20000,50000,0,0,10,10,2,1,2,1,120 Hz,120 Hz,0,0
,25024k/2016k,2900,25024x2016_LCTL,,,VDSL2,8a,Fast,Startup,Startup,,,25024,2016,32,32,1,1,9,6,16,16,NA,NA,NA,NA,NA,NA,NA,NA,8,5,0.5,0.5,Disabled,Disabled,Disabled,Disabled,Max INP,Max INP,40.00,0.00,40.00,0.00,40.00,0.00,40.00,0.00,No Force,25024,50000,0,0,10,10,2,1,2,1,120 Hz,120 Hz,0,0
,30016k/2016k,2200,30016x2016_LCTL,,,VDSL2,8a,Fast,Startup,Startup,,,30016,2016,32,32,1,1,9,6,16,16,NA,NA,NA,NA,NA,NA,NA,NA,8,5,0.5,0.5,Disabled,Disabled,Disabled,Disabled,Max INP,Max INP,40.00,0.00,40.00,0.00,40.00,0.00,40.00,0.00,No Force,30016,50000,0,0,10,10,2,1,2,1,120 Hz,120 Hz,0,0
,40000k/5024k,1500,40000x5024_LCTL,,,VDSL2,8a,Fast,Startup,Startup,,,40000,5024,32,32,1,1,9,6,16,16,NA,NA,NA,NA,NA,NA,NA,NA,8,5,0.5,0.5,Disabled,Disabled,Disabled,Disabled,Max INP,Max INP,40.00,0.00,40.00,0.00,40.00,0.00,40.00,0.00,No Force,40000,50000,0,0,10,10,2,1,2,1,120 Hz,120 Hz,0,0
,50016k/5024k,700,50016x5024_LCTL,,,VDSL2,8a,Fast,Startup,Startup,,,50016,5024,32,32,1,1,9,6,16,16,NA,NA,NA,NA,NA,NA,NA,NA,8,5,0.5,0.5,Disabled,Disabled,Disabled,Disabled,Max INP,Max INP,40.00,0.00,40.00,0.00,40.00,0.00,40.00,0.00,No Force,50016,50000,0,0,10,10,2,1,2,1,120 Hz,120 Hz,0,0
,,,,,,,,,,,,,,,,,,,,,,,,,,,,,,,,,,,,,,,,,,,,,,,,,,,,,,,,,,,,,,,
LC Single Line,25x2,2550,20Mx2M_LCIPTV,,,VDSL2,8a,Interleaved,Startup,Startup,,,25024,2016,32,32,1,1,9,9,16,16,NA,NA,NA,NA,NA,NA,NA,NA,8,5,2,1,Disabled,Disabled,Disabled,Disabled,Max INP,Max INP,40.00,0.00,40.00,0.00,40.00,0.00,40.00,0.00,No Force,25024,50000,0,0,10,10,2,1,2,1,120 Hz,120 Hz,0,0
VDSL2,,,,,,,,,,,,,,,,,,,,,,,,,,,,,,,,,,,,,,,,,,,,,,,,,,,,,,,,,,,,,,,
IPTV,,,,,,,,,,,,,,,,,,,,,,,,,,,,,,,,,,,,,,,,,,,,,,,,,,,,,,,,,,,,,,,
,,,,,,,,,,,,,,,,,,,,,,,,,,,,,,,,,,,,,,,,,,,,,,,,,,,,,,,,,,,,,,,
LC Bonded,15M/1.5M,8100,17664x1792_LCB,,,ADSL2+,-,Interleaved,Startup,Startup,17664,1792,8832,896,2208,224,1,1,9,9,16,16,NA,NA,NA,NA,NA,NA,NA,NA,5,5,0.5,0.5,Disabled,Disabled,Disabled,Disabled,Max INP,Max INP,40.00,0.00,40.00,0.00,40.00,0.00,40.00,0.00,No Force,8832,50000,0,0,10,10,2,1,2,1,120 Hz,120 Hz,0,0
ADSL2+,20M/2M,6600,23552x2304_LCB,,,ADSL2+,-,Interleaved,Startup,Startup,23552,2304,11776,1152,2944,288,1,1,9,9,16,16,NA,NA,NA,NA,NA,NA,NA,NA,5,5,0.5,0.5,Disabled,Disabled,Disabled,Disabled,Max INP,Max INP,40.00,0.00,40.00,0.00,40.00,0.00,40.00,0.00,No Force,11776,50000,0,0,10,10,2,1,2,1,120 Hz,120 Hz,0,0
High Speed,25M/2M,5100,29440x2304_LCB,,,ADSL2+,-,Interleaved,Startup,Startup,29440,2304,14720,1152,3680,288,1,1,9,9,16,16,NA,NA,NA,NA,NA,NA,NA,NA,5,5,0.5,0.5,Disabled,Disabled,Disabled,Disabled,Max INP,Max INP,40.00,0.00,40.00,0.00,40.00,0.00,40.00,0.00,No Force,14720,50000,0,0,10,10,2,1,2,1,120 Hz,120 Hz,0,0
,,,,,,,,,,,,,,,,,,,,,,,,,,,,,,,,,,,,,,,,,,,,,,,,,,,,,,,,,,,,,,,
LC Single Line,9440k/896k,8100,9440x896_LC,,,ADSL2+MM,-,Fast,Startup,Startup,,,9440,896,32,32,1,1,9,9,16,16,NA,NA,NA,NA,NA,NA,NA,NA,-,-,0.5,0.5,Disabled,Disabled,Disabled,Disabled,Max INP,Max INP,40.00,0.00,40.00,0.00,40.00,0.00,40.00,0.00,No Force,9440,50000,0,0,10,10,2,1,2,1,120 Hz,120 Hz,0,0
ADSL2+,11776k/896k,6600,11776x896_LC,,,ADSL2+MM,-,Fast,Startup,Startup,,,11776,896,32,32,1,1,9,9,16,16,NA,NA,NA,NA,NA,NA,NA,NA,-,-,0.5,0.5,Disabled,Disabled,Disabled,Disabled,Max INP,Max INP,40.00,0.00,40.00,0.00,40.00,0.00,40.00,0.00,No Force,11776,50000,0,0,10,10,2,1,2,1,120 Hz,120 Hz,0,0
High Speed,11776k/1024k,6600,11776x1024_LC,,,ADSL2+MM,-,Fast,Startup,Startup,,,11776,1024,32,32,1,1,9,9,16,16,NA,NA,NA,NA,NA,NA,NA,NA,-,-,0.5,0.5,Disabled,Disabled,Disabled,Disabled,Max INP,Max INP,40.00,0.00,40.00,0.00,40.00,0.00,40.00,0.00,No Force,11776,50000,0,0,10,10,2,1,2,1,120 Hz,120 Hz,0,0
,,,,,,,,,,,,,,,,,,,,,,,,,,,,,,,,,,,,,,,,,,,,,,,,,,,,,,,,,,,,,,,
LC Single Line,512k/256k,17600,576x288_LC,,,ADSLMM,-,Interleaved,Startup,Startup,,,576,288,32,32,1,1,9,9,16,16,NA,NA,NA,NA,NA,NA,NA,NA,8,8,-,-,Disabled,Disabled,Disabled,Disabled,Max INP,Max INP,40.00,0.00,40.00,0.00,40.00,0.00,40.00,0.00,No Force,576,50000,0,0,10,10,2,1,2,1,120 Hz,120 Hz,0,0
ADSL,768k/256k,13200,896x288_LC,,,ADSLMM,-,Interleaved,Startup,Startup,,,896,288,32,32,1,1,9,9,16,16,NA,NA,NA,NA,NA,NA,NA,NA,8,8,-,-,Disabled,Disabled,Disabled,Disabled,Max INP,Max INP,40.00,0.00,40.00,0.00,40.00,0.00,40.00,0.00,No Force,896,50000,0,0,10,10,2,1,2,1,120 Hz,120 Hz,0,0
High Speed,768k/384k,13900,896x448_LC,,,ADSLMM,-,Interleaved,Startup,Startup,,,896,448,32,32,1,1,9,9,16,16,NA,NA,NA,NA,NA,NA,NA,NA,8,8,-,-,Disabled,Disabled,Disabled,Disabled,Max INP,Max INP,40.00,0.00,40.00,0.00,40.00,0.00,40.00,0.00,No Force,896,50000,0,0,10,10,2,1,2,1,120 Hz,120 Hz,0,0
,1.5M/256k,13200,1760x288_LC,,,ADSLMM,-,Interleaved,Startup,Startup,,,1760,288,32,32,1,1,9,9,16,16,NA,NA,NA,NA,NA,NA,NA,NA,8,8,-,-,Disabled,Disabled,Disabled,Disabled,Max INP,Max INP,40.00,0.00,40.00,0.00,40.00,0.00,40.00,0.00,No Force,1760,50000,0,0,10,10,2,1,2,1,120 Hz,120 Hz,0,0
,1.5m/512k,18000,1760x576_LC,,,ADSLMM,-,Interleaved,Startup,Startup,,,1760,576,32,32,1,1,9,9,16,16,NA,NA,NA,NA,NA,NA,NA,NA,8,8,-,-,Disabled,Disabled,Disabled,Disabled,Max INP,Max INP,40.00,0.00,40.00,0.00,40.00,0.00,40.00,0.00,No Force,1760,50000,0,0,10,10,2,1,2,1,120 Hz,120 Hz,0,0
,3m/512k,11000,3520x576_LC,,,ADSLMM,-,Interleaved,Startup,Startup,,,3520,576,32,32,1,1,9,9,16,16,NA,NA,NA,NA,NA,NA,NA,NA,8,8,-,-,Disabled,Disabled,Disabled,Disabled,Max INP,Max INP,40.00,0.00,40.00,0.00,40.00,0.00,40.00,0.00,No Force,3520,50000,0,0,10,10,2,1,2,1,120 Hz,120 Hz,0,0
,3m/640k,11000,3520x736_LC,,,ADSLMM,-,Interleaved,Startup,Startup,,,3520,736,32,32,1,1,9,9,16,16,NA,NA,NA,NA,NA,NA,NA,NA,8,8,-,-,Disabled,Disabled,Disabled,Disabled,Max INP,Max INP,40.00,0.00,40.00,0.00,40.00,0.00,40.00,0.00,No Force,3520,50000,0,0,10,10,2,1,2,1,120 Hz,120 Hz,0,0
,4m/512k,10200,4704x576_LC,,,ADSLMM,-,Interleaved,Startup,Startup,,,4704,576,32,32,1,1,9,9,16,16,NA,NA,NA,NA,NA,NA,NA,NA,8,8,-,-,Disabled,Disabled,Disabled,Disabled,Max INP,Max INP,40.00,0.00,40.00,0.00,40.00,0.00,40.00,0.00,No Force,4704,50000,0,0,10,10,2,1,2,1,120 Hz,120 Hz,0,0
,5m/768k,9500,5888x896_LC,,,ADSLMM,-,Interleaved,Startup,Startup,,,5888,896,32,32,1,1,9,9,16,16,NA,NA,NA,NA,NA,NA,NA,NA,8,8,-,-,Disabled,Disabled,Disabled,Disabled,Max INP,Max INP,40.00,0.00,40.00,0.00,40.00,0.00,40.00,0.00,No Force,5888,50000,0,0,10,10,2,1,2,1,120 Hz,120 Hz,0,0
,6m/512k,9500,7072x576_LC,,,ADSLMM,-,Interleaved,Startup,Startup,,,7072,576,32,32,1,1,9,9,16,16,NA,NA,NA,NA,NA,NA,NA,NA,8,8,-,-,Disabled,Disabled,Disabled,Disabled,Max INP,Max INP,40.00,0.00,40.00,0.00,40.00,0.00,40.00,0.00,No Force,7072,50000,0,0,10,10,2,1,2,1,120 Hz,120 Hz,0,0
,,,,,,,,,,,,,,,,,,,,,,,,,,,,,,,,,,,,,,,,,,,,,,,,,,,,,,,,,,,,,,,
LC Bonded Line,20x2,5900,10Mx1M_LCBIPTV,,,ADSL2+,-,Interleaved,Startup,Startup,18880,1536,9440,768,2360,192,1,1,9,9,16,16,NA,NA,NA,NA,NA,NA,NA,NA,8,5,2,1,Disabled,Disabled,Disabled,Disabled,Max INP,Max INP,40.00,0.00,40.00,0.00,40.00,0.00,40.00,0.00,No Force,9440,50000,0,0,10,10,2,1,2,1,120 Hz,120 Hz,0,0
ADSL2+,22x1,5150,20Mx1.5M_LCBIPTV,,,ADSL2+,-,Interleaved,Startup,Startup,23552,1792,11776,896,2944,224,1,1,9,9,16,16,NA,NA,NA,NA,NA,NA,NA,NA,8,5,2,1,Disabled,Disabled,Disabled,Disabled,Max INP,Max INP,40.00,0.00,40.00,0.00,40.00,0.00,40.00,0.00,No Force,11776,50000,0,0,10,10,2,1,2,1,120 Hz,120 Hz,0,0
IPTV,30x2,4350,30Mx1.5M_LCBIPTV,,,ADSL2+,-,Interleaved,Startup,Startup,31808,1792,15904,896,3976,224,1,1,9,9,16,16,NA,NA,NA,NA,NA,NA,NA,NA,8,5,2,1,Disabled,Disabled,Disabled,Disabled,Max INP,Max INP,40.00,0.00,40.00,0.00,40.00,0.00,40.00,0.00,No Force,15904,50000,0,0,10,10,2,1,2,1,120 Hz,120 Hz,0,0
